Workbook

Sheet banks
B2: re_ret | C2: ticker | D2: name | E2: price_6_nov_25 | F2: div_dis | G2: dif | H2: his_max | I2: his_min | J2: pe | K2: div_24 | L2: g
B3: 0.045 | C3: 601398 | D3: 工商银行 | E3: 8.14 | F3: =(K3*(1+L3)/$B$3-L3)/10 -> 7.0889236 | G3: =F3/E3 -> 0.87087513 | H3: 8.15 | I3: 8.06 | J3: 8.01 | K3: ='div1'!B13 -> 3.08 | L3: ='div1'!E13 -> 0.036248968
C4: 601288 | D4: 农业银行 | E4: 8.18 | F4: =(K4*(1+L4)/$B$3-L4)/10 -> 5.6147746 | G4: =F4/E4 -> 0.68640276 | H4: 8.18 | I4: 8.06 | J4: 9.7 | K4: ='div2'!B13 -> 2.419 | L4: ='div2'!E13 -> 0.045344803
C5: 601939 | D5: 建设银行 | E5: 9.48 | F5: =(K5*(1+L5)/$B$3-L5)/10 -> 9.3819776 | G5: =F5/E5 -> 0.98966009 | H5: 9.48 | I5: 9.39 | J5: 7.2 | K5: ='div3'!B13 -> 4.03 | L5: ='div3'!E13 -> 0.048153057
C6: 601988 | D6: 中国银行 | E6: 5.69 | F6: =(K6*(1+L6)/$B$3-L6)/10 -> 5.636544 | G6: =F6/E6 -> 0.99060527 | H6: 5.7 | I6: 5.64 | J6: 7.7 | K6: ='div4'!B14 -> 2.424 | L6: ='div4'!E14 -> 0.047265576
C7: 600036 | D7: 招商银行 | E7: 42.8 | F7: =(K7*(1+L7)/$B$3-L7)/10 -> 50.124714 | G7: =F7/E7 -> 1.1711382 | H7: 42.89 | I7: 42.31 | J7: 7.04 | K7: ='div5'!B14 -> 20 | L7: ='div5'!E14 -> 0.12809428
C8: 601658 | D8: 邮储银行 | E8: 5.91 | F8: =(K8*(1+L8)/$B$3-L8)/10 -> 6.0821384 | G8: =F8/E8 -> 1.0291266 | H8: 5.93 | I8: 5.84 | J8: 6.88 | K8: ='div6'!B12 -> 2.616 | L8: ='div6'!E12 -> 0.047048722
C9: 601328 | D9: 交通银行 | E9: 7.34 | F9: =(K9*(1+L9)/$B$3-L9)/10 -> 8.7710137 | G9: =F9/E9 -> 1.194961 | H9: 7.36 | I9: 7.29 | J9: 6.95 | K9: ='div7'!B14 -> 3.79 | L9: ='div7'!E14 -> 0.041910859
C10: 601166 | D10: 兴业银行 | E10: 21.22 | F10: =(K10*(1+L10)/$B$3-L10)/10 -> 25.364433 | G10: =F10/E10 -> 1.1953079 | H10: 21.37 | I10: 21.02 | J10: 5.32 | K10: ='div8'!B13 -> 10.6 | L10: ='div8'!E13 -> 0.077119365
C11: 601998 | D11: 中信银行 | E11: 8.1 | F11: =(K11*(1+L11)/$B$3-L11)/10 -> 8.260646 | G11: =F11/E11 -> 1.0198328 | H11: 8.09 | I11: 7.98 | J11: 6.25 | K11: ='div9'!B14 -> 3.547 | L11: ='div9'!E14 -> 0.048626702
B12: average | J12: =AVERAGE(J3:J11) -> 7.2277778

Sheet div1
A1: 报告期 | B1: 公告日期 | C1: 分红方案 | D1: 股权登记日 | E1: 除权除息日 | F1: 派息日 | G1: 方案进度 | H1: 分配对象
A2: 2025半年报 | B2: 45899 | C2: 10派1.414元 | D2: -- | E2: -- | F2: -- | G2: 董事会预案 | H2: 全体股东
A3: 2024年报 | B3: 45846 | C3: 10派1.646元 | D3: 45849 | E3: 45852 | F3: 45852 | G3: 实施方案 | H3: A股股东
A4: 2024半年报 | B4: 45657 | C4: 10派1.434元 | D4: 45663 | E4: 45664 | F4: 45664 | G4: 实施方案 | H4: A股股东
A5: 2023年报 | B5: 45482 | C5: 10派3.064元 | D5: 45488 | E5: 45489 | F5: 45489 | G5: 实施方案 | H5: A股股东
A6: 2022年报 | B6: 45118 | C6: 10派3.035元 | D6: 45121 | E6: 45124 | F6: 45124 | G6: 实施方案 | H6: A股股东
A7: 2021年报 | B7: 44747 | C7: 10派2.933元 | D7: 44753 | E7: 44754 | F7: 44754 | G7: 实施方案 | H7: A股股东
A8: 2020年报 | B8: 44376 | C8: 10派2.66元 | D8: 44382 | E8: 44383 | F8: 44383 | G8: 实施方案 | H8: A股股东
A9: 2019年报 | B9: 44002 | C9: 10派2.628元 | D9: 44011 | E9: 44012 | F9: 44012 | G9: 实施方案 | H9: A股股东
A10: 2018年报 | B10: 43643 | C10: 10派2.506元 | D10: 43648 | E10: 43649 | F10: 43649 | G10: 实施方案 | H10: A股股东
A11: 2017年报 | B11: 43287 | C11: 10派2.408元 | D11: 43293 | E11: 43294 | F11: 43294 | G11: 实施方案 | H11: A股股东
A13: 2024 | B13: 3.08 | C13: =B13/B14-1 -> 0.0052219321 | E13: =AVERAGE(C13:C19) -> 0.036248968
A14: 2023 | B14: 3.064 | C14: =B14/B15-1 -> 0.0095551895
A15: 2022 | B15: 3.035 | C15: =B15/B16-1 -> 0.034776679
A16: 2021 | B16: 2.933 | C16: =B16/B17-1 -> 0.10263158
A17: 2020 | B17: 2.66 | C17: =B17/B18-1 -> 0.01217656
A18: 2019 | B18: 2.628 | C18: =B18/B19-1 -> 0.04868316
A19: 2018 | B19: 2.506 | C19: =B19/B20-1 -> 0.040697674
A20: 2017 | B20: 2.408

Sheet div2
A1: 报告期 | B1: 公告日期 | C1: 分红方案 | D1: 股权登记日 | E1: 除权除息日 | F1: 派息日 | G1: 方案进度 | H1: 分配对象
A2: 2025半年报 | B2: 45899 | C2: 1.195 | D2: -- | E2: -- | F2: -- | G2: 董事会预案 | H2: 全体股东 | J2: 1.195
A3: 2024年报 | B3: 45847 | C3: 1.255 | D3: 45854 | E3: 45855 | F3: 45855 | G3: 实施方案 | H3: A股股东 | J3: 1.255
A4: 2024半年报 | B4: 45656 | C4: 1.164 | D4: 45664 | E4: 45665 | F4: 45665 | G4: 实施方案 | H4: A股股东 | J4: 1.164
A5: 2023年报 | B5: 45442 | C5: 2.309 | D5: 45449 | E5: 45450 | F5: 45450 | G5: 实施方案 | H5: A股股东 | J5: 2.309
A6: 2022年报 | B6: 45117 | C6: 2.222 | D6: 45124 | E6: 45125 | F6: 45125 | G6: 实施方案 | H6: A股股东 | J6: 2.222
A7: 2021年报 | B7: 44750 | C7: 2.068 | D7: 44756 | E7: 44757 | F7: 44757 | G7: 实施方案 | H7: A股股东 | J7: 2.068
A8: 2020年报 | B8: 44355 | C8: 1.851 | D8: 44363 | E8: 44364 | F8: 44364 | G8: 实施方案 | H8: A股股东 | J8: 1.851
A9: 2019年报 | B9: 44018 | C9: 1.819 | D9: 44021 | E9: 44022 | F9: 44022 | G9: 实施方案 | H9: A股股东 | J9: 1.819
A10: 2018年报 | B10: 43627 | C10: 1.739 | D10: 43634 | E10: 43635 | F10: 43635 | G10: 实施方案 | H10: A股股东 | J10: 1.739
A11: 2017年报 | B11: 43239 | C11: 1.783 | D11: 43244 | E11: 43245 | F11: 43245 | G11: 实施方案 | H11: A股股东 | J11: 1.783
A13: 2024 | B13: =C3+C4 -> 2.419 | C13: =B13/B14-1 -> 0.047639671 | E13: =AVERAGE(C13:C19) -> 0.045344803
A14: 2023 | B14: =C5 -> 2.309 | C14: =B14/B15-1 -> 0.039153915
A15: 2022 | B15: =C6 -> 2.222 | C15: =B15/B16-1 -> 0.074468085
A16: 2021 | B16: =C7 -> 2.068 | C16: =B16/B17-1 -> 0.11723393
A17: 2020 | B17: =C8 -> 1.851 | C17: =B17/B18-1 -> 0.017592084
A18: 2019 | B18: =C9 -> 1.819 | C18: =B18/B19-1 -> 0.04600345
A19: 2018 | B19: =C10 -> 1.739 | C19: =B19/B20-1 -> -0.02467751
A20: 2017 | B20: =C11 -> 1.783

Sheet div3
A1: 报告期 | B1: 公告日期 | C1: 分红方案 | D1: 股权登记日 | E1: 除权除息日 | F1: 派息日 | G1: 方案进度 | H1: 分配对象
A2: 2025半年报 | B2: 45899 | C2: 1.858 | D2: -- | E2: -- | F2: -- | G2: 董事会预案 | H2: 全体股东
A3: 2024年报 | B3: 45777 | C3: 2.06 | D3: 45785 | E3: 45786 | F3: 45786 | G3: 实施方案 | H3: A股股东
A4: 2024半年报 | B4: 45660 | C4: 1.97 | D4: 45666 | E4: 45667 | F4: 45667 | G4: 实施方案 | H4: A股股东
A5: 2023年报 | B5: 45479 | C5: 4 | D5: 45484 | E5: 45485 | F5: 45485 | G5: 实施方案 | H5: A股股东
A6: 2022年报 | B6: 45115 | C6: 3.89 | D6: 45120 | E6: 45121 | F6: 45121 | G6: 实施方案 | H6: A股股东
A7: 2021年报 | B7: 44743 | C7: 3.64 | D7: 44749 | E7: 44750 | F7: 44750 | G7: 实施方案 | H7: A股股东
A8: 2020年报 | B8: 44384 | C8: 3.26 | D8: 44391 | E8: 44392 | F8: 44392 | G8: 实施方案 | H8: A股股东
A9: 2019年报 | B9: 44014 | C9: 3.2 | D9: 44021 | E9: 44022 | F9: 44022 | G9: 实施方案 | H9: A股股东
A10: 2018年报 | B10: 43648 | C10: 3.06 | D10: 43655 | E10: 43656 | F10: 43656 | G10: 实施方案 | H10: A股股东
A11: 2017年报 | B11: 43291 | C11: 2.91 | D11: 43297 | E11: 43298 | F11: 43298 | G11: 实施方案 | H11: A股股东
A13: 2024 | B13: =C4+C3 -> 4.03 | C13: =B13/B14-1 -> 0.0075 | E13: =AVERAGE(C13:C19) -> 0.048153057
A14: 2023 | B14: =C5 -> 4 | C14: =B14/B15-1 -> 0.028277635
A15: 2022 | B15: =C6 -> 3.89 | C15: =B15/B16-1 -> 0.068681319
A16: 2021 | B16: =C7 -> 3.64 | C16: =B16/B17-1 -> 0.11656442
A17: 2020 | B17: =C8 -> 3.26 | C17: =B17/B18-1 -> 0.01875
A18: 2019 | B18: =C9 -> 3.2 | C18: =B18/B19-1 -> 0.045751634
A19: 2018 | B19: =C10 -> 3.06 | C19: =B19/B20-1 -> 0.051546392
A20: 2017 | B20: =C11 -> 2.91

Sheet div4
A1: 报告期 | B1: 公告日期 | C1: 分红方案 | D1: 股权登记日 | E1: 除权除息日 | F1: 派息日 | G1: 方案进度 | H1: 分配对象
A2: 2025半年报 | B2: 45899 | C2: 1.094 | D2: -- | E2: -- | F2: -- | G2: 董事会预案 | H2: 全体股东
A3: 2024年报 | B3: 45768 | C3: 1.216 | D3: 45771 | E3: 45772 | F3: 45772 | G3: 实施方案 | H3: A股股东
A4: 2024半年报 | B4: 45672 | C4: 1.208 | D4: 45679 | E4: 45680 | F4: 45680 | G4: 实施方案 | H4: A股股东
A5: 2023年报 | B5: 45483 | C5: 2.364 | D5: 45489 | E5: 45490 | F5: 45490 | G5: 实施方案 | H5: A股股东
A6: 2022年报 | B6: 45115 | C6: 2.32 | D6: 45121 | E6: 45124 | F6: 45124 | G6: 实施方案 | H6: 全体股东
A7: 2021年报 | B7: 44750 | C7: 2.21 | D7: 44756 | E7: 44757 | F7: 44757 | G7: 实施方案 | H7: A股股东
A8: 2020年报 | B8: 44344 | C8: 1.97 | D8: 44350 | E8: 44351 | F8: 44351 | G8: 实施方案 | H8: A股股东
A9: 2019年报 | B9: 44020 | C9: 1.91 | D9: 44026 | E9: 44027 | F9: 44027 | G9: 实施方案 | H9: A股股东
A10: 2018年报 | B10: 43610 | C10: 1.84 | D10: 43616 | E10: 43619 | F10: 43619 | G10: 实施方案 | H10: A股股东
A11: 2017年报 | B11: 43287 | C11: 1.76 | D11: 43293 | E11: 43294 | F11: 43294 | G11: 实施方案 | H11: A股股东
A14: 2024 | B14: =C3+C4 -> 2.424 | C14: =B14/B15-1 -> 0.025380711 | E14: =AVERAGE(C14:C20) -> 0.047265576
A15: 2023 | B15: =C5 -> 2.364 | C15: =B15/B16-1 -> 0.018965517
A16: 2022 | B16: =C6 -> 2.32 | C16: =B16/B17-1 -> 0.049773756
A17: 2021 | B17: =C7 -> 2.21 | C17: =B17/B18-1 -> 0.12182741
A18: 2020 | B18: =C8 -> 1.97 | C18: =B18/B19-1 -> 0.031413613
A19: 2019 | B19: =C9 -> 1.91 | C19: =B19/B20-1 -> 0.038043478
A20: 2018 | B20: =C10 -> 1.84 | C20: =B20/B21-1 -> 0.045454545
A21: 2017 | B21: =C11 -> 1.76

Sheet div5
A1: 报告期 | B1: 公告日期 | C1: 分红方案 | D1: 股权登记日 | E1: 除权除息日 | F1: 派息日 | G1: 方案进度 | H1: 分配对象
A2: 2024年报 | B2: 45842 | C2: 20 | D2: 45848 | E2: 45849 | F2: 45849 | G2: 实施方案 | H2: A股股东
A3: 2023年报 | B3: 45477 | C3: 19.72 | D3: 45483 | E3: 45484 | F3: 45484 | G3: 实施方案 | H3: A股股东
A4: 2022年报 | B4: 45113 | C4: 17.38 | D4: 45119 | E4: 45120 | F4: 45120 | G4: 实施方案 | H4: A股股东
A5: 2021年报 | B5: 44750 | C5: 15.22 | D5: 44756 | E5: 44757 | F5: 44757 | G5: 实施方案 | H5: A股股东
A6: 2020年报 | B6: 44383 | C6: 12.53 | D6: 44389 | E6: 44390 | F6: 44390 | G6: 实施方案 | H6: A股股东
A7: 2019年报 | B7: 44015 | C7: 12 | D7: 44021 | E7: 44022 | F7: 44022 | G7: 实施方案 | H7: A股股东
A8: 2018年报 | B8: 43651 | C8: 9.4 | D8: 43657 | E8: 43658 | F8: 43658 | G8: 实施方案 | H8: A股股东
A9: 2017年报 | B9: 43286 | C9: 8.4 | D9: 43292 | E9: 43293 | F9: 43293 | G9: 实施方案 | H9: A股股东
A10: 2016年报 | B10: 42892 | C10: 7.4 | D10: 42899 | E10: 42900 | F10: 42900 | G10: 实施方案 | H10: A股股东
A11: 2015年报 | B11: 42556 | C11: 6.9 | D11: 42563 | E11: 42564 | F11: 42564 | G11: 实施方案 | H11: A股股东
A14: 2024 | B14: =C2 -> 20 | C14: =B14/B15-1 -> 0.014198783 | E14: =AVERAGE(C14:C22) -> 0.12809428
A15: 2023 | B15: =C3 -> 19.72 | C15: =B15/B16-1 -> 0.13463751
A16: 2022 | B16: =C4 -> 17.38 | C16: =B16/B17-1 -> 0.14191853
A17: 2021 | B17: =C5 -> 15.22 | C17: =B17/B18-1 -> 0.21468476
A18: 2020 | B18: =C6 -> 12.53 | C18: =B18/B19-1 -> 0.044166667
A19: 2019 | B19: =C7 -> 12 | C19: =B19/B20-1 -> 0.27659574
A20: 2018 | B20: =C8 -> 9.4 | C20: =B20/B21-1 -> 0.11904762
A21: 2017 | B21: =C9 -> 8.4 | C21: =B21/B22-1 -> 0.13513514
A22: 2016 | B22: =C10 -> 7.4 | C22: =B22/B23-1 -> 0.072463768
A23: 2015 | B23: =C11 -> 6.9

Sheet div6
A1: 报告期 | B1: 公告日期 | C1: 分红方案 | D1: 股权登记日 | E1: 除权除息日 | F1: 派息日 | G1: 方案进度 | H1: 分配对象
A2: 2025半年报 | B2: 45899 | C2: 1.23 | D2: -- | E2: -- | F2: -- | G2: 董事会预案 | H2: 全体股东
A3: 2024年报 | B3: 45771 | C3: 1.139 | D3: 45776 | E3: 45777 | F3: 45777 | G3: 实施方案 | H3: A股股东
A4: 2024半年报 | B4: 45657 | C4: 1.477 | D4: 45664 | E4: 45665 | F4: 45665 | G4: 实施方案 | H4: A股股东
A5: 2023年报 | B5: 45478 | C5: 2.61 | D5: 45483 | E5: 45484 | F5: 45484 | G5: 实施方案 | H5: A股股东
A6: 2022年报 | B6: 45114 | C6: 2.579 | D6: 45119 | E6: 45120 | F6: 45120 | G6: 实施方案 | H6: A股股东
A7: 2021年报 | B7: 44748 | C7: 2.474 | D7: 44753 | E7: 44754 | F7: 44754 | G7: 实施方案 | H7: A股股东
A8: 2020年报 | B8: 44391 | C8: 2.085 | D8: 44398 | E8: 44399 | F8: 44399 | G8: 实施方案 | H8: A股股东
A9: 2019年报 | B9: 43986 | C9: 2.102 | D9: 43991 | E9: 43992 | F9: 43992 | G9: 实施方案 | H9: A股股东
A12: 2024 | B12: =SUM(C3:C4) -> 2.616 | C12: =B12/B13-1 -> 0.0022988506 | E12: =AVERAGE(C12:C16) -> 0.047048722
A13: 2023 | B13: =C5 -> 2.61 | C13: =B13/B14-1 -> 0.012020163
A14: 2022 | B14: =C6 -> 2.579 | C14: =B14/B15-1 -> 0.04244139
A15: 2021 | B15: =C7 -> 2.474 | C15: =B15/B16-1 -> 0.18657074
A16: 2020 | B16: =C8 -> 2.085 | C16: =B16/B17-1 -> -0.0080875357
A17: 2019 | B17: =C9 -> 2.102

Sheet div7
A1: 报告期 | B1: 公告日期 | C1: 分红方案 | D1: 股权登记日 | E1: 除权除息日 | F1: 派息日 | G1: 方案进度 | H1: 分配对象
A2: 2025半年报 | B2: 45899 | C2: 1.563 | D2: -- | E2: -- | F2: -- | G2: 董事会预案 | H2: 全体股东
A3: 2024年报 | B3: 45761 | C3: 1.97 | D3: 45764 | E3: 45765 | F3: 45765 | G3: 实施方案 | H3: A股股东
A4: 2024半年报 | B4: 45673 | C4: 1.82 | D4: 45680 | E4: 45681 | F4: 45681 | G4: 实施方案 | H4: A股股东
A5: 2023年报 | B5: 45477 | C5: 3.75 | D5: 45482 | E5: 45483 | F5: 45483 | G5: 实施方案 | H5: A股股东
A6: 2022年报 | B6: 45113 | C6: 3.73 | D6: 45118 | E6: 45119 | F6: 45119 | G6: 实施方案 | H6: A股股东
A7: 2021年报 | B7: 44748 | C7: 3.55 | D7: 44753 | E7: 44754 | F7: 44754 | G7: 实施方案 | H7: A股股东
A8: 2020年报 | B8: 44384 | C8: 3.17 | D8: 44389 | E8: 44390 | F8: 44390 | G8: 实施方案 | H8: A股股东
A9: 2019年报 | B9: 44020 | C9: 3.15 | D9: 44025 | E9: 44026 | F9: 44026 | G9: 实施方案 | H9: A股股东
A10: 2018年报 | B10: 43648 | C10: 3 | D10: 43654 | E10: 43655 | F10: 43655 | G10: 实施方案 | H10: A股股东
A11: 2017年报 | B11: 43291 | C11: 2.856 | D11: 43294 | E11: 43297 | F11: 43297 | G11: 实施方案 | H11: A股股东
A14: 2024 | B14: =SUM(C3:C4) -> 3.79 | C14: =B14/B15-1 -> 0.010666667 | E14: =AVERAGE(C14:C20) -> 0.041910859
A15: 2023 | B15: =C5 -> 3.75 | C15: =B15/B16-1 -> 0.0053619303
A16: 2022 | B16: =C6 -> 3.73 | C16: =B16/B17-1 -> 0.050704225
A17: 2021 | B17: =C7 -> 3.55 | C17: =B17/B18-1 -> 0.11987382
A18: 2020 | B18: =C8 -> 3.17 | C18: =B18/B19-1 -> 0.0063492063
A19: 2019 | B19: =C9 -> 3.15 | C19: =B19/B20-1 -> 0.05
A20: 2018 | B20: =C10 -> 3 | C20: =B20/B21-1 -> 0.050420168
A21: 2017 | B21: =C11 -> 2.856

Sheet div8
A1: 报告期 | B1: 公告日期 | C1: 分红方案 | D1: 股权登记日 | E1: 除权除息日 | F1: 派息日 | G1: 方案进度 | H1: 分配对象
A2: 2025半年报 | B2: 45898 | C2: 5.65 | D2: -- | E2: -- | F2: -- | G2: 董事会预案 | H2: 全体股东
A3: 2024年报 | B3: 45824 | C3: 10.6 | D3: 45827 | E3: 45828 | F3: 45828 | G3: 实施方案 | H3: 全体股东
A4: 2023年报 | B4: 45476 | C4: 10.4 | D4: 45481 | E4: 45482 | F4: 45482 | G4: 实施方案 | H4: 全体股东
A5: 2022年报 | B5: 45090 | C5: 11.88 | D5: 45093 | E5: 45096 | F5: 45096 | G5: 实施方案 | H5: 全体股东
A6: 2021年报 | B6: 44721 | C6: 10.35 | D6: 44727 | E6: 44728 | F6: 44728 | G6: 实施方案 | H6: 全体股东
A7: 2020年报 | B7: 44370 | C7: 8.02 | D7: 44375 | E7: 44376 | F7: 44376 | G7: 实施方案 | H7: 全体股东
A8: 2019年报 | B8: 44020 | C8: 7.62 | D8: 44026 | E8: 44027 | F8: 44027 | G8: 实施方案 | H8: 全体股东
A9: 2018年报 | B9: 43627 | C9: 6.9 | D9: 43634 | E9: 43635 | F9: 43635 | G9: 实施方案 | H9: 全体股东
A10: 2017年报 | B10: 43259 | C10: 6.5 | D10: 43265 | E10: 43266 | F10: 43266 | G10: 实施方案 | H10: 全体股东
A11: 2016年报 | B11: 42893 | C11: 6.1 | D11: 42899 | E11: 42900 | F11: 42900 | G11: 实施方案 | H11: 全体股东
A13: 2024 | B13: =C3 -> 10.6 | C13: =B13/B14-1 -> 0.019230769 | E13: =AVERAGE(C13:C20) -> 0.077119365
A14: 2023 | B14: =0+(C4) -> 10.4 | C14: =B14/B15-1 -> -0.12457912
A15: 2022 | B15: =0+(C5) -> 11.88 | C15: =B15/B16-1 -> 0.14782609
A16: 2021 | B16: =0+(C6) -> 10.35 | C16: =B16/B17-1 -> 0.29052369
A17: 2020 | B17: =0+(C7) -> 8.02 | C17: =B17/B18-1 -> 0.052493438
A18: 2019 | B18: =0+(C8) -> 7.62 | C18: =B18/B19-1 -> 0.10434783
A19: 2018 | B19: =0+(C9) -> 6.9 | C19: =B19/B20-1 -> 0.061538462
A20: 2017 | B20: =0+(C10) -> 6.5 | C20: =B20/B21-1 -> 0.06557377
A21: 2016 | B21: =0+(C11) -> 6.1

Sheet div9
A1: 报告期 | B1: 公告日期 | C1: 分红方案 | D1: 股权登记日 | E1: 除权除息日 | F1: 派息日 | G1: 方案进度 | H1: 分配对象
A2: 2025半年报 | B2: 45897 | C2: 1.88 | D2: -- | E2: -- | F2: -- | G2: 股东大会预案 | H2: 全体股东
A3: 2024年报 | B3: 45841 | C3: 1.722 | D3: 45847 | E3: 45848 | F3: 45848 | G3: 实施方案 | H3: A股股东
A4: 2024半年报 | B4: 45630 | C4: 1.825 | D4: 45636 | E4: 45637 | F4: 45637 | G4: 实施方案 | H4: A股股东
A5: 2023年报 | B5: 45476 | C5: 3.261 | D5: 45482 | E5: 45483 | F5: 45483 | G5: 实施方案 | H5: A股股东
A6: 2022年报 | B6: 45120 | C6: 3.29 | D6: 45126 | E6: 45127 | F6: 45127 | G6: 实施方案 | H6: A股股东
A7: 2021年报 | B7: 44763 | C7: 3.02 | D7: 44769 | E7: 44770 | F7: 44770 | G7: 实施方案 | H7: A股股东
A8: 2020年报 | B8: 44399 | C8: 2.54 | D8: 44405 | E8: 44406 | F8: 44406 | G8: 实施方案 | H8: A股股东
A9: 2019年报 | B9: 44020 | C9: 2.39 | D9: 44026 | E9: 44027 | F9: 44027 | G9: 实施方案 | H9: A股股东
A10: 2018年报 | B10: 43661 | C10: 2.3 | D10: 43665 | E10: 43668 | F10: 43668 | G10: 实施方案 | H10: A股股东
A11: 2017年报 | B11: 43277 | C11: 2.61 | D11: 43283 | E11: 43284 | F11: 43284 | G11: 实施方案 | H11: A股股东
A14: 2024 | B14: =SUM(C3:C4) -> 3.547 | C14: =B14/B15-1 -> 0.087703159 | E14: =AVERAGE(C14:C20) -> 0.048626702
A15: 2023 | B15: =C5 -> 3.261 | C15: =B15/B16-1 -> -0.0088145897
A16: 2022 | B16: =C6 -> 3.29 | C16: =B16/B17-1 -> 0.089403974
A17: 2021 | B17: =C7 -> 3.02 | C17: =B17/B18-1 -> 0.18897638
A18: 2020 | B18: =C8 -> 2.54 | C18: =B18/B19-1 -> 0.062761506
A19: 2019 | B19: =C9 -> 2.39 | C19: =B19/B20-1 -> 0.039130435
A20: 2018 | B20: =C10 -> 2.3 | C20: =B20/B21-1 -> -0.11877395
A21: 2017 | B21: =C11 -> 2.61

Sheet div10
A1: 2024年报 | B1: 45848 | C1: 4.1 | D1: 45853 | E1: 45854 | F1: 45854 | G1: 实施方案 | H1: 全体股东
A2: 2023年报 | B2: 45484 | C2: 3.21 | D2: 45490 | E2: 45491 | F2: 45491 | G2: 实施方案 | H2: 全体股东
A3: 2022年报 | B3: 45120 | C3: 3.2 | D3: 45127 | E3: 45128 | F3: 45128 | G3: 实施方案 | H3: 全体股东
A4: 2021年报 | B4: 44755 | C4: 4.1 | D4: 44762 | E4: 44763 | F4: 44763 | G4: 实施方案 | H4: 全体股东
A5: 2020年报 | B5: 44390 | C5: 4.8 | D5: 44397 | E5: 44398 | F5: 44398 | G5: 实施方案 | H5: 全体股东
A6: 2019年报 | B6: 44028 | C6: 6 | D6: 44034 | E6: 44035 | F6: 44035 | G6: 实施方案 | H6: 全体股东
A7: 2018年报 | B7: 43620 | C7: 3.5 | D7: 43626 | E7: 43627 | F7: 43627 | G7: 实施方案 | H7: 全体股东
A8: 2017年报 | B8: 43287 | C8: 1 | D8: 43293 | E8: 43294 | F8: 43294 | G8: 实施方案 | H8: 全体股东
A9: 2016年报 | B9: 42874 | C9: 10转3派2 | D9: 42879 | E9: 42880 | F9: 42880 | G9: 实施方案 | H9: 全体股东
A10: 2015年报 | B10: 42537 | C10: 10转1派5.15 | D10: 42543 | E10: 42544 | F10: 42544 | G10: 实施方案 | H10: 全体股东
A13: 2024 | B13: =C1 -> 4.1 | C13: =B13/B14-1 -> 0.27725857 | E13: =AVERAGE(C13:C19) -> 0.41847482
A14: 2023 | B14: =C2 -> 3.21 | C14: =B14/B15-1 -> 0.003125
A15: 2022 | B15: =C3 -> 3.2 | C15: =B15/B16-1 -> -0.2195122
A16: 2021 | B16: =C4 -> 4.1 | C16: =B16/B17-1 -> -0.14583333
A17: 2020 | B17: =C5 -> 4.8 | C17: =B17/B18-1 -> -0.2
A18: 2019 | B18: =C6 -> 6 | C18: =B18/B19-1 -> 0.71428571
A19: 2018 | B19: =C7 -> 3.5 | C19: =B19/B20-1 -> 2.5
A20: 2017 | B20: =C8 -> 1
